Number,FO,FI,FC,RC,RI,RO,SumDimmer
1,CCCATGTTTTCAGCATTATCAGAA,GCTGCTTGATGTCCCCCCACTTTTACCCCACAAGATTTAAACACC,GCTGCTTGATGTCCCCCCAC,CCTGTTGCACCAGGCCAGAT,CCTGTTGCACCAGGCCAGATTTTTCCTGCTATGTCACTTCCCC,CTTGTCATCCATCCTATTTGTTCC,69.4781013
2,CCCATGTTTTCAGCATTATCAGAA,GCTGCTTGATGTCCCCCCACTTTTACCCCACAAGATTTAAACACC,GCTGCTTGATGTCCCCCCAC,CCTGTTGCACCAGGCCAGAT,CCTGTTGCACCAGGCCAGATTTTTTCCTGCTATGTCACTTCCCC,CTTGTCATCCATCCTATTTGTTCC,69.4781013
3,CCCATGTTTTCAGCATTATCAGAA,GCTGCTTGATGTCCCCCCACTTTTACCCCACAAGATTTAAACACC,GCTGCTTGATGTCCCCCCAC,CCTGTTGCACCAGGCCAGAT,CCTGTTGCACCAGGCCAGATTTTTTTCCTGCTATGTCACTTCCCC,CTTGTCATCCATCCTATTTGTTCC,69.4781013
4,CCCATGTTTTCAGCATTATCAGAA,GCTGCTTGATGTCCCCCCACTTTTCCCCACAAGATTTAAACACCA,GCTGCTTGATGTCCCCCCAC,CCTGTTGCACCAGGCCAGAT,CCTGTTGCACCAGGCCAGATTTTTCCTGCTATGTCACTTCCCC,CTTGTCATCCATCCTATTTGTTCC,69.4781013
5,CCCATGTTTTCAGCATTATCAGAA,GCTGCTTGATGTCCCCCCACTTTTCCCCACAAGATTTAAACACCA,GCTGCTTGATGTCCCCCCAC,CCTGTTGCACCAGGCCAGAT,CCTGTTGCACCAGGCCAGATTTTTTCCTGCTATGTCACTTCCCC,CTTGTCATCCATCCTATTTGTTCC,69.4781013
6,CCCATGTTTTCAGCATTATCAGAA,GCTGCTTGATGTCCCCCCACTTTTCCCCACAAGATTTAAACACCA,GCTGCTTGATGTCCCCCCAC,CCTGTTGCACCAGGCCAGAT,CCTGTTGCACCAGGCCAGATTTTTTTCCTGCTATGTCACTTCCCC,CTTGTCATCCATCCTATTTGTTCC,69.4781013
7,CCCATGTTTTCAGCATTATCAGAA,GCTGCTTGATGTCCCCCCACTTTTACCCCACAAGATTTAAACACC,GCTGCTTGATGTCCCCCCAC,CCTGTTGCACCAGGCCAGAT,CCTGTTGCACCAGGCCAGATTTTTCTGCTATGTCACTTCCCCTT,CTTGTCATCCATCCTATTTGTTCC,69.7505443
8,CCCATGTTTTCAGCATTATCAGAA,GCTGCTTGATGTCCCCCCACTTTTCCCCACAAGATTTAAACACCA,GCTGCTTGATGTCCCCCCAC,CCTGTTGCACCAGGCCAGAT,CCTGTTGCACCAGGCCAGATTTTTCTGCTATGTCACTTCCCCTT,CTTGTCATCCATCCTATTTGTTCC,69.7505443
9,CCCATGTTTTCAGCATTATCAGAA,GCTGCTTGATGTCCCCCCACTTTTACCCCACAAGATTTAAACACC,GCTGCTTGATGTCCCCCCAC,CCTGTTGCACCAGGCCAGAT,CCTGTTGCACCAGGCCAGATTTTTCCTGCTATGTCACTTCCCCTT,CTTGTCATCCATCCTATTTGTTCC,69.7909563
10,CCCATGTTTTCAGCATTATCAGAA,GCTGCTTGATGTCCCCCCACTTTTCCCCACAAGATTTAAACACCA,GCTGCTTGATGTCCCCCCAC,CCTGTTGCACCAGGCCAGAT,CCTGTTGCACCAGGCCAGATTTTTCCTGCTATGTCACTTCCCCTT,CTTGTCATCCATCCTATTTGTTCC,69.7909563
11,CCCATGTTTTCAGCATTATCAGAA,GCTGCTTGATGTCCCCCCACTTTTACCCCACAAGATTTAAACACC,GCTGCTTGATGTCCCCCCAC,CCTGTTGCACCAGGCCAGAT,CCTGTTGCACCAGGCCAGATTTTTCCTGCTATGTCACTTCCCC,TTGTCATCCATCCTATTTGTTCCT,70.0510343
12,CCCATGTTTTCAGCATTATCAGAA,GCTGCTTGATGTCCCCCCACTTTTACCCCACAAGATTTAAACACC,GCTGCTTGATGTCCCCCCAC,CCTGTTGCACCAGGCCAGAT,CCTGTTGCACCAGGCCAGATTTTTTCCTGCTATGTCACTTCCCC,TTGTCATCCATCCTATTTGTTCCT,70.0510343
13,CCCATGTTTTCAGCATTATCAGAA,GCTGCTTGATGTCCCCCCACTTTTACCCCACAAGATTTAAACACC,GCTGCTTGATGTCCCCCCAC,CCTGTTGCACCAGGCCAGAT,CCTGTTGCACCAGGCCAGATTTTTTTCCTGCTATGTCACTTCCCC,TTGTCATCCATCCTATTTGTTCCT,70.0510343
14,CCCATGTTTTCAGCATTATCAGAA,GCTGCTTGATGTCCCCCCACTTTTCCCCACAAGATTTAAACACCA,GCTGCTTGATGTCCCCCCAC,CCTGTTGCACCAGGCCAGAT,CCTGTTGCACCAGGCCAGATTTTTCCTGCTATGTCACTTCCCC,TTGTCATCCATCCTATTTGTTCCT,70.0510343
15,CCCATGTTTTCAGCATTATCAGAA,GCTGCTTGATGTCCCCCCACTTTTCCCCACAAGATTTAAACACCA,GCTGCTTGATGTCCCCCCAC,CCTGTTGCACCAGGCCAGAT,CCTGTTGCACCAGGCCAGATTTTTTCCTGCTATGTCACTTCCCC,TTGTCATCCATCCTATTTGTTCCT,70.0510343
16,CCCATGTTTTCAGCATTATCAGAA,GCTGCTTGATGTCCCCCCACTTTTCCCCACAAGATTTAAACACCA,GCTGCTTGATGTCCCCCCAC,CCTGTTGCACCAGGCCAGAT,CCTGTTGCACCAGGCCAGATTTTTTTCCTGCTATGTCACTTCCCC,TTGTCATCCATCCTATTTGTTCCT,70.0510343
17,CCCATGTTTTCAGCATTATCAGAA,GCTGCTTGATGTCCCCCCACTTTTACCCCACAAGATTTAAACACC,GCTGCTTGATGTCCCCCCAC,CCTGTTGCACCAGGCCAGAT,CCTGTTGCACCAGGCCAGATTTTTCCTGCTATGTCACTTCCCCT,CTTGTCATCCATCCTATTTGTTCC,70.0877613
18,CCCATGTTTTCAGCATTATCAGAA,GCTGCTTGATGTCCCCCCACTTTTCCCCACAAGATTTAAACACCA,GCTGCTTGATGTCCCCCCAC,CCTGTTGCACCAGGCCAGAT,CCTGTTGCACCAGGCCAGATTTTTCCTGCTATGTCACTTCCCCT,CTTGTCATCCATCCTATTTGTTCC,70.0877613
19,CCCATGTTTTCAGCATTATCAGAA,GCTGCTTGATGTCCCCCCACTTTTTACCCCACAAGATTTAAACACC,GCTGCTTGATGTCCCCCCACT,CCTGTTGCACCAGGCCAGAT,CCTGTTGCACCAGGCCAGATTTTTCCTGCTATGTCACTTCCCC,CTTGTCATCCATCCTATTTGTTCC,70.3149413
20,CCCATGTTTTCAGCATTATCAGAA,GCTGCTTGATGTCCCCCCACTTTTTACCCCACAAGATTTAAACACC,GCTGCTTGATGTCCCCCCACT,CCTGTTGCACCAGGCCAGAT,CCTGTTGCACCAGGCCAGATTTTTTCCTGCTATGTCACTTCCCC,CTTGTCATCCATCCTATTTGTTCC,70.3149413
21,CCCATGTTTTCAGCATTATCAGAA,GCTGCTTGATGTCCCCCCACTTTTTACCCCACAAGATTTAAACACC,GCTGCTTGATGTCCCCCCACT,CCTGTTGCACCAGGCCAGAT,CCTGTTGCACCAGGCCAGATTTTTTTCCTGCTATGTCACTTCCCC,CTTGTCATCCATCCTATTTGTTCC,70.3149413
22,CCCATGTTTTCAGCATTATCAGAA,GCTGCTTGATGTCCCCCCACTTTTTCCCCACAAGATTTAAACACCA,GCTGCTTGATGTCCCCCCACT,CCTGTTGCACCAGGCCAGAT,CCTGTTGCACCAGGCCAGATTTTTCCTGCTATGTCACTTCCCC,CTTGTCATCCATCCTATTTGTTCC,70.3149413
23,CCCATGTTTTCAGCATTATCAGAA,GCTGCTTGATGTCCCCCCACTTTTTCCCCACAAGATTTAAACACCA,GCTGCTTGATGTCCCCCCACT,CCTGTTGCACCAGGCCAGAT,CCTGTTGCACCAGGCCAGATTTTTTCCTGCTATGTCACTTCCCC,CTTGTCATCCATCCTATTTGTTCC,70.3149413
24,CCCATGTTTTCAGCATTATCAGAA,GCTGCTTGATGTCCCCCCACTTTTTCCCCACAAGATTTAAACACCA,GCTGCTTGATGTCCCCCCACT,CCTGTTGCACCAGGCCAGAT,CCTGTTGCACCAGGCCAGATTTTTTTCCTGCTATGTCACTTCCCC,CTTGTCATCCATCCTATTTGTTCC,70.3149413
25,CCCATGTTTTCAGCATTATCAGAA,GCTGCTTGATGTCCCCCCACTTTTACCCCACAAGATTTAAACACC,GCTGCTTGATGTCCCCCCAC,CCTGTTGCACCAGGCCAGAT,CCTGTTGCACCAGGCCAGATTTTTCTGCTATGTCACTTCCCCTT,TTGTCATCCATCCTATTTGTTCCT,70.32347729
26,CCCATGTTTTCAGCATTATCAGAA,GCTGCTTGATGTCCCCCCACTTTTCCCCACAAGATTTAAACACCA,GCTGCTTGATGTCCCCCCAC,CCTGTTGCACCAGGCCAGAT,CCTGTTGCACCAGGCCAGATTTTTCTGCTATGTCACTTCCCCTT,TTGTCATCCATCCTATTTGTTCCT,70.32347729
27,CCCATGTTTTCAGCATTATCAGAA,GCTGCTTGATGTCCCCCCACTTTTACCCCACAAGATTTAAACACC,GCTGCTTGATGTCCCCCCAC,CCTGTTGCACCAGGCCAGAT,CCTGTTGCACCAGGCCAGATTTTTGTTCCTGCTATGTCACTTCCC,CTTGTCATCCATCCTATTTGTTCC,70.3532748
28,CCCATGTTTTCAGCATTATCAGAA,GCTGCTTGATGTCCCCCCACTTTTCCCCACAAGATTTAAACACCA,GCTGCTTGATGTCCCCCCAC,CCTGTTGCACCAGGCCAGAT,CCTGTTGCACCAGGCCAGATTTTTGTTCCTGCTATGTCACTTCCC,CTTGTCATCCATCCTATTTGTTCC,70.3532748
29,CCCATGTTTTCAGCATTATCAGAA,GCTGCTTGATGTCCCCCCACTTTTACCCCACAAGATTTAAACACC,GCTGCTTGATGTCCCCCCAC,CCTGTTGCACCAGGCCAGAT,CCTGTTGCACCAGGCCAGATTTTTCCTGCTATGTCACTTCCCCTT,TTGTCATCCATCCTATTTGTTCCT,70.3638893
30,CCCATGTTTTCAGCATTATCAGAA,GCTGCTTGATGTCCCCCCACTTTTCCCCACAAGATTTAAACACCA,GCTGCTTGATGTCCCCCCAC,CCTGTTGCACCAGGCCAGAT,CCTGTTGCACCAGGCCAGATTTTTCCTGCTATGTCACTTCCCCTT,TTGTCATCCATCCTATTTGTTCCT,70.3638893
31,CCCATGTTTTCAGCATTATCAGAA,GCTGCTTGATGTCCCCCCACTTTTTACCCCACAAGATTTAAACACC,GCTGCTTGATGTCCCCCCACT,CCTGTTGCACCAGGCCAGAT,CCTGTTGCACCAGGCCAGATTTTTCTGCTATGTCACTTCCCCTT,CTTGTCATCCATCCTATTTGTTCC,70.5873843
32,CCCATGTTTTCAGCATTATCAGAA,GCTGCTTGATGTCCCCCCACTTTTTCCCCACAAGATTTAAACACCA,GCTGCTTGATGTCCCCCCACT,CCTGTTGCACCAGGCCAGAT,CCTGTTGCACCAGGCCAGATTTTTCTGCTATGTCACTTCCCCTT,CTTGTCATCCATCCTATTTGTTCC,70.5873843
33,CCCATGTTTTCAGCATTATCAGAA,GCTGCTTGATGTCCCCCCACTTTTACCCCACAAGATTTAAACACC,GCTGCTTGATGTCCCCCCAC,CCTGTTGCACCAGGCCAGAT,CCTGTTGCACCAGGCCAGATTTTTCTGCTATGTCACTTCCCCTTG,CTTGTCATCCATCCTATTTGTTCC,70.5887093
34,CCCATGTTTTCAGCATTATCAGAA,GCTGCTTGATGTCCCCCCACTTTTCCCCACAAGATTTAAACACCA,GCTGCTTGATGTCCCCCCAC,CCTGTTGCACCAGGCCAGAT,CCTGTTGCACCAGGCCAGATTTTTCTGCTATGTCACTTCCCCTTG,CTTGTCATCCATCCTATTTGTTCC,70.5887093
35,CCCATGTTTTCAGCATTATCAGAA,GCTGCTTGATGTCCCCCCACTTTTTACCCCACAAGATTTAAACACC,GCTGCTTGATGTCCCCCCACT,CCTGTTGCACCAGGCCAGAT,CCTGTTGCACCAGGCCAGATTTTTCCTGCTATGTCACTTCCCCTT,CTTGTCATCCATCCTATTTGTTCC,70.6277963
36,CCCATGTTTTCAGCATTATCAGAA,GCTGCTTGATGTCCCCCCACTTTTTCCCCACAAGATTTAAACACCA,GCTGCTTGATGTCCCCCCACT,CCTGTTGCACCAGGCCAGAT,CCTGTTGCACCAGGCCAGATTTTTCCTGCTATGTCACTTCCCCTT,CTTGTCATCCATCCTATTTGTTCC,70.6277963
37,CCCATGTTTTCAGCATTATCAGAA,GCTGCTTGATGTCCCCCCACTTTTACCCCACAAGATTTAAACACC,GCTGCTTGATGTCCCCCCAC,CCTGTTGCACCAGGCCAGAT,CCTGTTGCACCAGGCCAGATTTTTCCTGCTATGTCACTTCCCCT,TTGTCATCCATCCTATTTGTTCCT,70.6606943
38,CCCATGTTTTCAGCATTATCAGAA,GCTGCTTGATGTCCCCCCACTTTTCCCCACAAGATTTAAACACCA,GCTGCTTGATGTCCCCCCAC,CCTGTTGCACCAGGCCAGAT,CCTGTTGCACCAGGCCAGATTTTTCCTGCTATGTCACTTCCCCT,TTGTCATCCATCCTATTTGTTCCT,70.6606943
39,CCCATGTTTTCAGCATTATCAGAA,GCTGCTTGATGTCCCCCCACTTTTACCCCACAAGATTTAAACACC,GCTGCTTGATGTCCCCCCAC,CCTGTTGCACCAGGCCAGAT,CCTGTTGCACCAGGCCAGATTTTTAGTTCCTGCTATGTCACTTCC,CTTGTCATCCATCCTATTTGTTCC,70.72984831
40,CCCATGTTTTCAGCATTATCAGAA,GCTGCTTGATGTCCCCCCACTTTTCCCCACAAGATTTAAACACCA,GCTGCTTGATGTCCCCCCAC,CCTGTTGCACCAGGCCAGAT,CCTGTTGCACCAGGCCAGATTTTTAGTTCCTGCTATGTCACTTCC,CTTGTCATCCATCCTATTTGTTCC,70.72984831
41,CCCATGTTTTCAGCATTATCAGAA,GCTGCTTGATGTCCCCCCACTTTTTACCCCACAAGATTTAAACACC,GCTGCTTGATGTCCCCCCACT,CCTGTTGCACCAGGCCAGAT,CCTGTTGCACCAGGCCAGATTTTTCCTGCTATGTCACTTCCCC,TTGTCATCCATCCTATTTGTTCCT,70.8878743
42,CCCATGTTTTCAGCATTATCAGAA,GCTGCTTGATGTCCCCCCACTTTTTACCCCACAAGATTTAAACACC,GCTGCTTGATGTCCCCCCACT,CCTGTTGCACCAGGCCAGAT,CCTGTTGCACCAGGCCAGATTTTTTCCTGCTATGTCACTTCCCC,TTGTCATCCATCCTATTTGTTCCT,70.8878743
43,CCCATGTTTTCAGCATTATCAGAA,GCTGCTTGATGTCCCCCCACTTTTTACCCCACAAGATTTAAACACC,GCTGCTTGATGTCCCCCCACT,CCTGTTGCACCAGGCCAGAT,CCTGTTGCACCAGGCCAGATTTTTTTCCTGCTATGTCACTTCCCC,TTGTCATCCATCCTATTTGTTCCT,70.8878743
44,CCCATGTTTTCAGCATTATCAGAA,GCTGCTTGATGTCCCCCCACTTTTTCCCCACAAGATTTAAACACCA,GCTGCTTGATGTCCCCCCACT,CCTGTTGCACCAGGCCAGAT,CCTGTTGCACCAGGCCAGATTTTTCCTGCTATGTCACTTCCCC,TTGTCATCCATCCTATTTGTTCCT,70.8878743
45,CCCATGTTTTCAGCATTATCAGAA,GCTGCTTGATGTCCCCCCACTTTTTCCCCACAAGATTTAAACACCA,GCTGCTTGATGTCCCCCCACT,CCTGTTGCACCAGGCCAGAT,CCTGTTGCACCAGGCCAGATTTTTTCCTGCTATGTCACTTCCCC,TTGTCATCCATCCTATTTGTTCCT,70.8878743
46,CCCATGTTTTCAGCATTATCAGAA,GCTGCTTGATGTCCCCCCACTTTTTCCCCACAAGATTTAAACACCA,GCTGCTTGATGTCCCCCCACT,CCTGTTGCACCAGGCCAGAT,CCTGTTGCACCAGGCCAGATTTTTTTCCTGCTATGTCACTTCCCC,TTGTCATCCATCCTATTTGTTCCT,70.8878743
47,CCCATGTTTTCAGCATTATCAGAA,GCTGCTTGATGTCCCCCCACTTTTTACCCCACAAGATTTAAACACC,GCTGCTTGATGTCCCCCCACT,CCTGTTGCACCAGGCCAGAT,CCTGTTGCACCAGGCCAGATTTTTCCTGCTATGTCACTTCCCCT,CTTGTCATCCATCCTATTTGTTCC,70.9246013
48,CCCATGTTTTCAGCATTATCAGAA,GCTGCTTGATGTCCCCCCACTTTTTCCCCACAAGATTTAAACACCA,GCTGCTTGATGTCCCCCCACT,CCTGTTGCACCAGGCCAGAT,CCTGTTGCACCAGGCCAGATTTTTCCTGCTATGTCACTTCCCCT,CTTGTCATCCATCCTATTTGTTCC,70.9246013
49,CCCATGTTTTCAGCATTATCAGAA,GCTGCTTGATGTCCCCCCACTTTTACCCCACAAGATTTAAACACC,GCTGCTTGATGTCCCCCCAC,CCTGTTGCACCAGGCCAGAT,CCTGTTGCACCAGGCCAGATTTTTGTTCCTGCTATGTCACTTCCC,TTGTCATCCATCCTATTTGTTCCT,70.9262078
50,CCCATGTTTTCAGCATTATCAGAA,GCTGCTTGATGTCCCCCCACTTTTCCCCACAAGATTTAAACACCA,GCTGCTTGATGTCCCCCCAC,CCTGTTGCACCAGGCCAGAT,CCTGTTGCACCAGGCCAGATTTTTGTTCCTGCTATGTCACTTCCC,TTGTCATCCATCCTATTTGTTCCT,70.9262078
